id,name,model_id:id,group_id:id,perm_read,perm_write,perm_create,perm_unlink
access_stocksense_category,stocksense.category,model_stocksense_category,base.group_user,1,1,1,1
access_stocksense_product,stocksense.product,model_stocksense_product,base.group_user,1,1,1,1
access_stocksense_stock_operation,stocksense.stock.operation,model_stocksense_stock_operation,base.group_user,1,1,1,1
access_stocksense_receipt,stocksense.receipt,model_stocksense_receipt,base.group_user,1,1,1,1
access_stocksense_receipt_line,stocksense.receipt.line,model_stocksense_receipt_line,base.group_user,1,1,1,1
access_stocksense_stock_picking_user,access_stocksense_stock_picking_user,model_stocksense_stock_picking,base.group_user,1,1,1,0
access_stocksense_move_line_user,access_stocksense_move_line_user,model_stocksense_stock_move_line,base.group_user,1,1,1,0
access_stocksense_location_user,access_stocksense_location_user,model_stocksense_location,base.group_user,1,1,1,0
access_stocksense_location_stock_user,access_stocksense_location_stock_user,model_stocksense_location_stock,base.group_user,1,1,1,0
